ID,Product Name,Category,Discount %,Promotion Text,Images (JSON)
product-210,Bold Berry GEL BASE / GEL TOP 15ML - Lẻ,SƠN GEL POLISH,10,Áp dụng từ ngày 16/11 đến hết ngày 30/11,"{""topLeft"": ""/vllondon-logo.jpeg"", ""topRight"": ""/vllondon-logo.jpeg"", ""bottomLeft"": ""/vllondon-logo.jpeg""}"
product-222,BlazingStar Gel Polish / Gel Top Original/Durashine/Sunshield / Gel Base Original / Gel Base Express 15ml - Box - 6 Chai cùng 1 màu,SƠN GEL POLISH,0,Áp dụng từ ngày 16/11 đến hết ngày 30/11,"{""topLeft"": ""/vllondon-logo.jpeg"", ""topRight"": ""/vllondon-logo.jpeg"", ""bottomLeft"": ""/vllondon-logo.jpeg""}"
product-220,Gel Top Original/Durashine/Sunshield / Gel Base Original / Gel Base Express 15ml - Lẻ,SƠN GEL POLISH,33,Áp dụng từ ngày 16/11 đến hết ngày 30/11,"{""topLeft"": ""/vllondon-logo.jpeg"", ""topRight"": ""/vllondon-logo.jpeg"", ""bottomLeft"": ""/vllondon-logo.jpeg""}"
product-220-1,BlazingStar - Gel Polish,SƠN GEL POLISH,33,Áp dụng từ ngày 16/11 đến hết ngày 30/11,"{""topLeft"": ""/vllondon-logo.jpeg"", ""topRight"": ""/vllondon-logo.jpeg"", ""bottomLeft"": ""/vllondon-logo.jpeg""}"
product-227,MBerry Gel Polish / Gel Top / Gel Base 15ml - Box 6 chai cùng 1 màu,SƠN GEL POLISH,0,Áp dụng từ ngày 16/11 đến hết ngày 30/11,"{""topLeft"": ""/vllondon-logo.jpeg"", ""topRight"": ""/vllondon-logo.jpeg"", ""bottomLeft"": ""/vllondon-logo.jpeg""}"
product-225,MBerry Gel Polish / Gel Top / Gel Base 15ml - Lẻ,SƠN GEL POLISH,0,Áp dụng từ ngày 16/11 đến hết ngày 30/11,"{""topLeft"": ""/vllondon-logo.jpeg"", ""topRight"": ""/vllondon-logo.jpeg"", ""bottomLeft"": ""/vllondon-logo.jpeg""}"
product-226,MBerry Gel Polish / Gel Top / Gel Base 15ml - Lẻ,SƠN GEL POLISH,10,Áp dụng từ ngày 16/11 đến hết ngày 30/11,"{""topLeft"": ""/vllondon-logo.jpeg"", ""topRight"": ""/vllondon-logo.jpeg"", ""bottomLeft"": ""/vllondon-logo.jpeg""}"
product-228,MBerry Gel Polish - 15ml,SƠN GEL POLISH,0,Áp dụng từ ngày 16/11 đến hết ngày 30/11,"{""topLeft"": ""/vllondon-logo.jpeg"", ""topRight"": ""/vllondon-logo.jpeg"", ""bottomLeft"": ""/vllondon-logo.jpeg""}"
product-230,Bold Berry Gel Base 240ml - 240ml,TOP & BASE,10,Áp dụng từ ngày 16/11 đến hết ngày 30/11,"{""topLeft"": ""/vllondon-logo.jpeg"", ""topRight"": ""/vllondon-logo.jpeg"", ""bottomLeft"": ""/vllondon-logo.jpeg""}"
product-231,Bold Berry Gel Top - 480ml,TOP & BASE,0,Áp dụng từ ngày 16/11 đến hết ngày 30/11,"{""topLeft"": ""/vllondon-logo.jpeg"", ""topRight"": ""/vllondon-logo.jpeg"", ""bottomLeft"": ""/vllondon-logo.jpeg""}"
product-233,BlazingStar Gel Base 240ml - Lẻ,TOP & BASE,0,Áp dụng từ ngày 16/11 đến hết ngày 30/11,"{""topLeft"": ""/vllondon-logo.jpeg"", ""topRight"": ""/vllondon-logo.jpeg"", ""bottomLeft"": ""/vllondon-logo.jpeg""}"
product-234,BlazingStar Gel Base 240ml - Lẻ,TOP & BASE,33,Áp dụng từ ngày 16/11 đến hết ngày 30/11,"{""topLeft"": ""/vllondon-logo.jpeg"", ""topRight"": ""/vllondon-logo.jpeg"", ""bottomLeft"": ""/vllondon-logo.jpeg""}"
product-235,BlazingStar Gel Base Express 480ml - Lẻ,TOP & BASE,0,Áp dụng từ ngày 16/11 đến hết ngày 30/11,"{""topLeft"": ""/vllondon-logo.jpeg"", ""topRight"": ""/vllondon-logo.jpeg"", ""bottomLeft"": ""/vllondon-logo.jpeg""}"
product-236,BlazingStar Gel Base Express 480ml - Lẻ,TOP & BASE,40,Áp dụng từ ngày 16/11 đến hết ngày 30/11,"{""topLeft"": ""/vllondon-logo.jpeg"", ""topRight"": ""/vllondon-logo.jpeg"", ""bottomLeft"": ""/vllondon-logo.jpeg""}"
product-239,BlazingStar Revive Base / Revive Base HF / Durabase HF - 15ml,TOP & BASE,0,Áp dụng từ ngày 16/11 đến hết ngày 30/11,"{""topLeft"": ""/vllondon-logo.jpeg"", ""topRight"": ""/vllondon-logo.jpeg"", ""bottomLeft"": ""/vllondon-logo.jpeg""}"
product-241,BlazingStar Revive Base 240ml - Lẻ,TOP & BASE,40,Áp dụng từ ngày 16/11 đến hết ngày 30/11,"{""topLeft"": ""/vllondon-logo.jpeg"", ""topRight"": ""/vllondon-logo.jpeg"", ""bottomLeft"": ""/vllondon-logo.jpeg""}"
product-242,MBerry Gel Top - 480ml,TOP & BASE,40,Áp dụng từ ngày 16/11 đến hết ngày 30/11,"{""topLeft"": ""/vllondon-logo.jpeg"", ""topRight"": ""/vllondon-logo.jpeg"", ""bottomLeft"": ""/vllondon-logo.jpeg""}"
product-265,Tip Gel Long - CLEAR - Box 550 pcs,NAIL TIP,20,Áp dụng từ ngày 16/11 đến hết ngày 30/11,"{""topLeft"": ""/vllondon-logo.jpeg"", ""topRight"": ""/vllondon-logo.jpeg"", ""bottomLeft"": ""/vllondon-logo.jpeg""}"
product-264,Tip Gel Long - CLEAR - Pack 10,NAIL TIP,20,Áp dụng từ ngày 16/11 đến hết ngày 30/11,"{""topLeft"": ""/vllondon-logo.jpeg"", ""topRight"": ""/vllondon-logo.jpeg"", ""bottomLeft"": ""/vllondon-logo.jpeg""}"
product-266,Tip Gel Long - CLEAR - Pack 100,NAIL TIP,20,Áp dụng từ ngày 16/11 đến hết ngày 30/11,"{""topLeft"": ""/vllondon-logo.jpeg"", ""topRight"": ""/vllondon-logo.jpeg"", ""bottomLeft"": ""/vllondon-logo.jpeg""}"
product-262,Tip Gel Stilletto - CLEAR - Box 550 pcs,NAIL TIP,20,Áp dụng từ ngày 16/11 đến hết ngày 30/11,"{""topLeft"": ""/vllondon-logo.jpeg"", ""topRight"": ""/vllondon-logo.jpeg"", ""bottomLeft"": ""/vllondon-logo.jpeg""}"
product-261,Tip Gel Stilletto - CLEAR - Pack 10,NAIL TIP,20,Áp dụng từ ngày 16/11 đến hết ngày 30/11,"{""topLeft"": ""/vllondon-logo.jpeg"", ""topRight"": ""/vllondon-logo.jpeg"", ""bottomLeft"": ""/vllondon-logo.jpeg""}"
product-263,Tip Gel Stilletto - CLEAR - Pack 100,NAIL TIP,20,Áp dụng từ ngày 16/11 đến hết ngày 30/11,"{""topLeft"": ""/vllondon-logo.jpeg"", ""topRight"": ""/vllondon-logo.jpeg"", ""bottomLeft"": ""/vllondon-logo.jpeg""}"
product-259,Tip Gel Straight - CLEAR - Box 550 pcs,NAIL TIP,20,Áp dụng từ ngày 16/11 đến hết ngày 30/11,"{""topLeft"": ""/vllondon-logo.jpeg"", ""topRight"": ""/vllondon-logo.jpeg"", ""bottomLeft"": ""/vllondon-logo.jpeg""}"
product-260,Tip Gel Straight - CLEAR - Pack 100,NAIL TIP,20,Áp dụng từ ngày 16/11 đến hết ngày 30/11,"{""topLeft"": ""/vllondon-logo.jpeg"", ""topRight"": ""/vllondon-logo.jpeg"", ""bottomLeft"": ""/vllondon-logo.jpeg""}"
product-258,Tip Gel Straight - CLEAR - Tip Gel Straight - CLEAR,NAIL TIP,20,Áp dụng từ ngày 16/11 đến hết ngày 30/11,"{""topLeft"": ""/vllondon-logo.jpeg"", ""topRight"": ""/vllondon-logo.jpeg"", ""bottomLeft"": ""/vllondon-logo.jpeg""}"
product-250,Tip Nhọn Stilletto - NATURAL,NAIL TIP,0,Áp dụng từ ngày 16/11 đến hết ngày 30/11,"{""topLeft"": ""/vllondon-logo.jpeg"", ""topRight"": ""/vllondon-logo.jpeg"", ""bottomLeft"": ""/vllondon-logo.jpeg""}"
product-254,Tip Thẳng Coffin - NATURAL,NAIL TIP,0,Áp dụng từ ngày 16/11 đến hết ngày 30/11,"{""topLeft"": ""/vllondon-logo.jpeg"", ""topRight"": ""/vllondon-logo.jpeg"", ""bottomLeft"": ""/vllondon-logo.jpeg""}"
product-243,Tip Thẳng Straight Tip - NATURAL,NAIL TIP,0,Áp dụng từ ngày 16/11 đến hết ngày 30/11,"{""topLeft"": ""/vllondon-logo.jpeg"", ""topRight"": ""/vllondon-logo.jpeg"", ""bottomLeft"": ""/vllondon-logo.jpeg""}"
product-247,Tip Thường Curve Tip - NATURAL,NAIL TIP,0,Áp dụng từ ngày 16/11 đến hết ngày 30/11,"{""topLeft"": ""/vllondon-logo.jpeg"", ""topRight"": ""/vllondon-logo.jpeg"", ""bottomLeft"": ""/vllondon-logo.jpeg""}"
product-275,BlazingStar Liquid Coffee Purple/Clear - LIQUID THƯỜNG MÙI COFFEE,ACRYLIC LIQUID,10,Áp dụng từ ngày 16/11 đến hết ngày 30/11,"{""topLeft"": ""/vllondon-logo.jpeg"", ""topRight"": ""/vllondon-logo.jpeg"", ""bottomLeft"": ""/vllondon-logo.jpeg""}"
product-270,BlazingStar Liquid EMA Purple - LIQUID CHẢY,ACRYLIC LIQUID,0,Áp dụng từ ngày 16/11 đến hết ngày 30/11,"{""topLeft"": ""/vllondon-logo.jpeg"", ""topRight"": ""/vllondon-logo.jpeg"", ""bottomLeft"": ""/vllondon-logo.jpeg""}"
product-268,BlazingStar Liquid Purple/Clear - LIQUID THƯỜNG - Case,ACRYLIC LIQUID,10,Áp dụng từ ngày 16/11 đến hết ngày 30/11,"{""topLeft"": ""/vllondon-logo.jpeg"", ""topRight"": ""/vllondon-logo.jpeg"", ""bottomLeft"": ""/vllondon-logo.jpeg""}"
product-269,BlazingStar Liquid Purple/Clear - LIQUID THƯỜNG - Case,ACRYLIC LIQUID,15,Áp dụng từ ngày 16/11 đến hết ngày 30/11,"{""topLeft"": ""/vllondon-logo.jpeg"", ""topRight"": ""/vllondon-logo.jpeg"", ""bottomLeft"": ""/vllondon-logo.jpeg""}"
product-267,BlazingStar Liquid Purple/Clear - LIQUID THƯỜNG - Gal,ACRYLIC LIQUID,0,Áp dụng từ ngày 16/11 đến hết ngày 30/11,"{""topLeft"": ""/vllondon-logo.jpeg"", ""topRight"": ""/vllondon-logo.jpeg"", ""bottomLeft"": ""/vllondon-logo.jpeg""}"
product-309,3D Brush,ACRYLIC BRUSHES,10,Áp dụng từ ngày 16/11 đến hết ngày 30/11,"{""topLeft"": ""/vllondon-logo.jpeg"", ""topRight"": ""/vllondon-logo.jpeg"", ""bottomLeft"": ""/vllondon-logo.jpeg""}"
product-304,BlazingStar Brush French - Size 12,ACRYLIC BRUSHES,10,Áp dụng từ ngày 16/11 đến hết ngày 30/11,"{""topLeft"": ""/vllondon-logo.jpeg"", ""topRight"": ""/vllondon-logo.jpeg"", ""bottomLeft"": ""/vllondon-logo.jpeg""}"
product-305,BlazingStar Brush French - Size 14,ACRYLIC BRUSHES,10,Áp dụng từ ngày 16/11 đến hết ngày 30/11,"{""topLeft"": ""/vllondon-logo.jpeg"", ""topRight"": ""/vllondon-logo.jpeg"", ""bottomLeft"": ""/vllondon-logo.jpeg""}"
product-306,BlazingStar Brush French - Size 16,ACRYLIC BRUSHES,10,Áp dụng từ ngày 16/11 đến hết ngày 30/11,"{""topLeft"": ""/vllondon-logo.jpeg"", ""topRight"": ""/vllondon-logo.jpeg"", ""bottomLeft"": ""/vllondon-logo.jpeg""}"
product-307,BlazingStar Brush Gel - Size 6,ACRYLIC BRUSHES,10,Áp dụng từ ngày 16/11 đến hết ngày 30/11,"{""topLeft"": ""/vllondon-logo.jpeg"", ""topRight"": ""/vllondon-logo.jpeg"", ""bottomLeft"": ""/vllondon-logo.jpeg""}"
product-308,BlazingStar Brush Gel - Size 8,ACRYLIC BRUSHES,10,Áp dụng từ ngày 16/11 đến hết ngày 30/11,"{""topLeft"": ""/vllondon-logo.jpeg"", ""topRight"": ""/vllondon-logo.jpeg"", ""bottomLeft"": ""/vllondon-logo.jpeg""}"
product-283-a,BlazingStar Brush Premium Plus - LÔNG MỀM,ACRYLIC BRUSHES,0,Áp dụng từ ngày 16/11 đến hết ngày 30/11,"{""topLeft"": ""/vllondon-logo.jpeg"", ""topRight"": ""/vllondon-logo.jpeg"", ""bottomLeft"": ""/vllondon-logo.jpeg""}"
product-283-c,BlazingStar Brush Premium Plus - LÔNG MỀM,ACRYLIC BRUSHES,0,Áp dụng từ ngày 16/11 đến hết ngày 30/11,"{""topLeft"": ""/vllondon-logo.jpeg"", ""topRight"": ""/vllondon-logo.jpeg"", ""bottomLeft"": ""/vllondon-logo.jpeg""}"
product-297,BlazingStar Brush Premium Pro 14 - LÔNG DÀY HƠN PlUS,ACRYLIC BRUSHES,10,Áp dụng từ ngày 16/11 đến hết ngày 30/11,"{""topLeft"": ""/vllondon-logo.jpeg"", ""topRight"": ""/vllondon-logo.jpeg"", ""bottomLeft"": ""/vllondon-logo.jpeg""}"
product-299,BlazingStar Brush Premium Pro 16 - LÔNG DÀY HƠN PLUS,ACRYLIC BRUSHES,10,Áp dụng từ ngày 16/11 đến hết ngày 30/11,"{""topLeft"": ""/vllondon-logo.jpeg"", ""topRight"": ""/vllondon-logo.jpeg"", ""bottomLeft"": ""/vllondon-logo.jpeg""}"
product-301,BlazingStar Brush Premium Pro 18 - LÔNG DÀY HƠN PLUS,ACRYLIC BRUSHES,10,Áp dụng từ ngày 16/11 đến hết ngày 30/11,"{""topLeft"": ""/vllondon-logo.jpeg"", ""topRight"": ""/vllondon-logo.jpeg"", ""bottomLeft"": ""/vllondon-logo.jpeg""}"
product-303,BlazingStar Brush Premium Pro 20 - LÔNG DÀY HƠN PLUS,ACRYLIC BRUSHES,10,Áp dụng từ ngày 16/11 đến hết ngày 30/11,"{""topLeft"": ""/vllondon-logo.jpeg"", ""topRight"": ""/vllondon-logo.jpeg"", ""bottomLeft"": ""/vllondon-logo.jpeg""}"
product-317,Bào Carbide Crystal ( Đầu kim cương),DRILL BIT,20,Áp dụng từ ngày 16/11 đến hết ngày 30/11,"{""topLeft"": ""/vllondon-logo.jpeg"", ""topRight"": ""/vllondon-logo.jpeg"", ""bottomLeft"": ""/vllondon-logo.jpeg""}"
product-323,Bào Carbide KF/KM (Bào mịn đầu vót hình trụ) - Purple - Bền hơn Silver,DRILL BIT,20,Áp dụng từ ngày 16/11 đến hết ngày 30/11,"{""topLeft"": ""/vllondon-logo.jpeg"", ""topRight"": ""/vllondon-logo.jpeg"", ""bottomLeft"": ""/vllondon-logo.jpeg""}"
product-324,Bào Carbide KF/KM (Bào mịn đầu vót hình trụ) - Purple - Bền hơn Silver,DRILL BIT,30,Áp dụng từ ngày 16/11 đến hết ngày 30/11,"{""topLeft"": ""/vllondon-logo.jpeg"", ""topRight"": ""/vllondon-logo.jpeg"", ""bottomLeft"": ""/vllondon-logo.jpeg""}"
product-321,Bào Carbide KF/KM (Bào mịn đầu vót hình trụ) - Silver - Sắc hơn Purple,DRILL BIT,20,Áp dụng từ ngày 16/11 đến hết ngày 30/11,"{""topLeft"": ""/vllondon-logo.jpeg"", ""topRight"": ""/vllondon-logo.jpeg"", ""bottomLeft"": ""/vllondon-logo.jpeg""}"
product-322,Bào Carbide KF/KM (Bào mịn đầu vót hình trụ) - Silver - Sắc hơn Purple,DRILL BIT,30,Áp dụng từ ngày 16/11 đến hết ngày 30/11,"{""topLeft"": ""/vllondon-logo.jpeg"", ""topRight"": ""/vllondon-logo.jpeg"", ""bottomLeft"": ""/vllondon-logo.jpeg""}"
product-327,Bào Carbide KF/KM Round (Bào mịn đầu tròn)) - Purple - Bền hơn Silver,DRILL BIT,20,Áp dụng từ ngày 16/11 đến hết ngày 30/11,"{""topLeft"": ""/vllondon-logo.jpeg"", ""topRight"": ""/vllondon-logo.jpeg"", ""bottomLeft"": ""/vllondon-logo.jpeg""}"
product-328,Bào Carbide KF/KM Round (Bào mịn đầu tròn)) - Purple - Bền hơn Silver,DRILL BIT,30,Áp dụng từ ngày 16/11 đến hết ngày 30/11,"{""topLeft"": ""/vllondon-logo.jpeg"", ""topRight"": ""/vllondon-logo.jpeg"", ""bottomLeft"": ""/vllondon-logo.jpeg""}"
product-325,Bào Carbide KF/KM Round (Bào mịn đầu tròn)) - Silver - Sắc hơn Purple,DRILL BIT,20,Áp dụng từ ngày 16/11 đến hết ngày 30/11,"{""topLeft"": ""/vllondon-logo.jpeg"", ""topRight"": ""/vllondon-logo.jpeg"", ""bottomLeft"": ""/vllondon-logo.jpeg""}"
product-326,Bào Carbide KF/KM Round (Bào mịn đầu tròn)) - Silver - Sắc hơn Purple,DRILL BIT,30,Áp dụng từ ngày 16/11 đến hết ngày 30/11,"{""topLeft"": ""/vllondon-logo.jpeg"", ""topRight"": ""/vllondon-logo.jpeg"", ""bottomLeft"": ""/vllondon-logo.jpeg""}"
product-331,Bào Carbide Round Top X4 (XC) / X5 (2XC) / X6 (4XC) - Purple - Bền hơn Silver,DRILL BIT,20,Áp dụng từ ngày 16/11 đến hết ngày 30/11,"{""topLeft"": ""/vllondon-logo.jpeg"", ""topRight"": ""/vllondon-logo.jpeg"", ""bottomLeft"": ""/vllondon-logo.jpeg""}"
product-332,Bào Carbide Round Top X4 (XC) / X5 (2XC) / X6 (4XC) - Purple - Bền hơn Silver,DRILL BIT,30,Áp dụng từ ngày 16/11 đến hết ngày 30/11,"{""topLeft"": ""/vllondon-logo.jpeg"", ""topRight"": ""/vllondon-logo.jpeg"", ""bottomLeft"": ""/vllondon-logo.jpeg""}"
product-329,Bào Carbide Round Top X4 (XC) / X5 (2XC) / X6 (4XC) - Silver - Sắc hơn Purple,DRILL BIT,20,Áp dụng từ ngày 16/11 đến hết ngày 30/11,"{""topLeft"": ""/vllondon-logo.jpeg"", ""topRight"": ""/vllondon-logo.jpeg"", ""bottomLeft"": ""/vllondon-logo.jpeg""}"
product-330,Bào Carbide Round Top X4 (XC) / X5 (2XC) / X6 (4XC) - Silver - Sắc hơn Purple,DRILL BIT,30,Áp dụng từ ngày 16/11 đến hết ngày 30/11,"{""topLeft"": ""/vllondon-logo.jpeg"", ""topRight"": ""/vllondon-logo.jpeg"", ""bottomLeft"": ""/vllondon-logo.jpeg""}"
product-315,Bào Carbide Triangle X1 (F-Fine) / X2 (M-Medium) / X3(C-Coarse) / Bào phá X4(XC) / X5 (2XC) / X6 (4XC) ( Đầu phẳng Flat) - Purple - Bền hơn Silver,DRILL BIT,20,Áp dụng từ ngày 16/11 đến hết ngày 30/11,"{""topLeft"": ""/vllondon-logo.jpeg"", ""topRight"": ""/vllondon-logo.jpeg"", ""bottomLeft"": ""/vllondon-logo.jpeg""}"
product-316,Bào Carbide Triangle X1 (F-Fine) / X2 (M-Medium) / X3(C-Coarse) / Bào phá X4(XC) / X5 (2XC) / X6 (4XC) ( Đầu phẳng Flat) - Purple - Bền hơn Silver,DRILL BIT,30,Áp dụng từ ngày 16/11 đến hết ngày 30/11,"{""topLeft"": ""/vllondon-logo.jpeg"", ""topRight"": ""/vllondon-logo.jpeg"", ""bottomLeft"": ""/vllondon-logo.jpeg""}"
product-313,Bào Carbide Triangle X1 (F-Fine) / X2 (M-Medium) / X3(C-Coarse) / Bào phá X4(XC) / X5 (2XC) / X6 (4XC) ( Đầu phẳng Flat) - Silver - Sắc hơn Purple,DRILL BIT,20,Áp dụng từ ngày 16/11 đến hết ngày 30/11,"{""topLeft"": ""/vllondon-logo.jpeg"", ""topRight"": ""/vllondon-logo.jpeg"", ""bottomLeft"": ""/vllondon-logo.jpeg""}"
product-314,Bào Carbide Triangle X1 (F-Fine) / X2 (M-Medium) / X3(C-Coarse) / Bào phá X4(XC) / X5 (2XC) / X6 (4XC) ( Đầu phẳng Flat) - Silver - Sắc hơn Purple,DRILL BIT,30,Áp dụng từ ngày 16/11 đến hết ngày 30/11,"{""topLeft"": ""/vllondon-logo.jpeg"", ""topRight"": ""/vllondon-logo.jpeg"", ""bottomLeft"": ""/vllondon-logo.jpeg""}"
product-335,Bào Cuticle Diamond 2.5 / 4.5 / 5.5 - Bào Sần Biab,DRILL BIT,20,Áp dụng từ ngày 16/11 đến hết ngày 30/11,"{""topLeft"": ""/vllondon-logo.jpeg"", ""topRight"": ""/vllondon-logo.jpeg"", ""bottomLeft"": ""/vllondon-logo.jpeg""}"
product-336,Bào Cuticle Diamond 2.5 / 4.5 / 5.5 - Bào Sần Biab,DRILL BIT,30,Áp dụng từ ngày 16/11 đến hết ngày 30/11,"{""topLeft"": ""/vllondon-logo.jpeg"", ""topRight"": ""/vllondon-logo.jpeg"", ""bottomLeft"": ""/vllondon-logo.jpeg""}"
product-337,Bào Đĩa Disc M ( Bào cắt tràn sơn ),DRILL BIT,20,Áp dụng từ ngày 16/11 đến hết ngày 30/11,"{""topLeft"": ""/vllondon-logo.jpeg"", ""topRight"": ""/vllondon-logo.jpeg"", ""bottomLeft"": ""/vllondon-logo.jpeg""}"
product-338,Bào Đĩa Disc M ( Bào cắt tràn sơn ),DRILL BIT,30,Áp dụng từ ngày 16/11 đến hết ngày 30/11,"{""topLeft"": ""/vllondon-logo.jpeg"", ""topRight"": ""/vllondon-logo.jpeg"", ""bottomLeft"": ""/vllondon-logo.jpeg""}"
product-339,Bào Pedicure C ( Bào cạo da chết gót chân),DRILL BIT,20,Áp dụng từ ngày 16/11 đến hết ngày 30/11,"{""topLeft"": ""/vllondon-logo.jpeg"", ""topRight"": ""/vllondon-logo.jpeg"", ""bottomLeft"": ""/vllondon-logo.jpeg""}"
product-340,Bào Pedicure C ( Bào cạo da chết gót chân),DRILL BIT,30,Áp dụng từ ngày 16/11 đến hết ngày 30/11,"{""topLeft"": ""/vllondon-logo.jpeg"", ""topRight"": ""/vllondon-logo.jpeg"", ""bottomLeft"": ""/vllondon-logo.jpeg""}"
product-341,Bào Siêu phá S-X3 / S-X4 / S-X5,DRILL BIT,20,Áp dụng từ ngày 16/11 đến hết ngày 30/11,"{""topLeft"": ""/vllondon-logo.jpeg"", ""topRight"": ""/vllondon-logo.jpeg"", ""bottomLeft"": ""/vllondon-logo.jpeg""}"
product-342,Bào Siêu phá S-X3 / S-X4 / S-X5,DRILL BIT,30,Áp dụng từ ngày 16/11 đến hết ngày 30/11,"{""topLeft"": ""/vllondon-logo.jpeg"", ""topRight"": ""/vllondon-logo.jpeg"", ""bottomLeft"": ""/vllondon-logo.jpeg""}"
product-311,Mandrell ( lỗi bào sần ) - Chống rung - long life,DRILL BIT,20,Áp dụng từ ngày 16/11 đến hết ngày 30/11,"{""topLeft"": ""/vllondon-logo.jpeg"", ""topRight"": ""/vllondon-logo.jpeg"", ""bottomLeft"": ""/vllondon-logo.jpeg""}"
product-312,Mandrell ( lỗi bào sần ) - Chống rung - long life,DRILL BIT,30,Áp dụng từ ngày 16/11 đến hết ngày 30/11,"{""topLeft"": ""/vllondon-logo.jpeg"", ""topRight"": ""/vllondon-logo.jpeg"", ""bottomLeft"": ""/vllondon-logo.jpeg""}"
product-347,Flexibuild X  / Strongbuild / Strongbuild HF 240ml - 240ml,BIAB,40,Áp dụng từ ngày 16/11 đến hết ngày 30/11,"{""topLeft"": ""/vllondon-logo.jpeg"", ""topRight"": ""/vllondon-logo.jpeg"", ""bottomLeft"": ""/vllondon-logo.jpeg""}"
product-343,Flexibuild X / Strongbuild / Strongbuild HF 15ml - 15ml,BIAB,0,Áp dụng từ ngày 16/11 đến hết ngày 30/11,"{""topLeft"": ""/vllondon-logo.jpeg"", ""topRight"": ""/vllondon-logo.jpeg"", ""bottomLeft"": ""/vllondon-logo.jpeg""}"
product-344,Flexibuild X / Strongbuild / Strongbuild HF 15ml - 15ml,BIAB,10,Áp dụng từ ngày 16/11 đến hết ngày 30/11,"{""topLeft"": ""/vllondon-logo.jpeg"", ""topRight"": ""/vllondon-logo.jpeg"", ""bottomLeft"": ""/vllondon-logo.jpeg""}"
product-345,Flexibuild X / Strongbuild / Strongbuild HF 15ml - box of 6,BIAB,0,Áp dụng từ ngày 16/11 đến hết ngày 30/11,"{""topLeft"": ""/vllondon-logo.jpeg"", ""topRight"": ""/vllondon-logo.jpeg"", ""bottomLeft"": ""/vllondon-logo.jpeg""}"
product-346,Flexibuild X / Strongbuild / Strongbuild HF 15ml - Set 36 colors,BIAB,20,Áp dụng từ ngày 16/11 đến hết ngày 30/11,"{""topLeft"": ""/vllondon-logo.jpeg"", ""topRight"": ""/vllondon-logo.jpeg"", ""bottomLeft"": ""/vllondon-logo.jpeg""}"
product-349,BlazingStar File Square - Vuông - 80/80 - 100/100,NAIL FILE,15,Áp dụng từ ngày 16/11 đến hết ngày 30/11,"{""topLeft"": ""/vllondon-logo.jpeg"", ""topRight"": ""/vllondon-logo.jpeg"", ""bottomLeft"": ""/vllondon-logo.jpeg""}"
product-348,BlazingStar File Straight - Tròn - 80/80 - 100/100 - 180/240,NAIL FILE,15,Áp dụng từ ngày 16/11 đến hết ngày 30/11,"{""topLeft"": ""/vllondon-logo.jpeg"", ""topRight"": ""/vllondon-logo.jpeg"", ""bottomLeft"": ""/vllondon-logo.jpeg""}"
product-351,JK File Square - 80/80,NAIL FILE,0,Áp dụng từ ngày 16/11 đến hết ngày 30/11,"{""topLeft"": ""/vllondon-logo.jpeg"", ""topRight"": ""/vllondon-logo.jpeg"", ""bottomLeft"": ""/vllondon-logo.jpeg""}"
product-350,JK File Straight - 80/80,NAIL FILE,0,Áp dụng từ ngày 16/11 đến hết ngày 30/11,"{""topLeft"": ""/vllondon-logo.jpeg"", ""topRight"": ""/vllondon-logo.jpeg"", ""bottomLeft"": ""/vllondon-logo.jpeg""}"
product-356,Bold Berry LED LAMP,ELECTRICAL,0,Áp dụng từ ngày 16/11 đến hết ngày 30/11,"{""topLeft"": ""/vllondon-logo.jpeg"", ""topRight"": ""/vllondon-logo.jpeg"", ""bottomLeft"": ""/vllondon-logo.jpeg""}"
product-370,BlazingStar FX200 Portable Drill,ELECTRICAL,10,Áp dụng từ ngày 16/11 đến hết ngày 30/11,"{""topLeft"": ""/vllondon-logo.jpeg"", ""topRight"": ""/vllondon-logo.jpeg"", ""bottomLeft"": ""/vllondon-logo.jpeg""}"
product-366,Tay bào X5 Plus (dây mặc định cho Super UP200),ELECTRICAL,10,Áp dụng từ ngày 16/11 đến hết ngày 30/11,"{""topLeft"": ""/vllondon-logo.jpeg"", ""topRight"": ""/vllondon-logo.jpeg"", ""bottomLeft"": ""/vllondon-logo.jpeg""}"
product-364,Masterled LED Lamp,ELECTRICAL,0,Áp dụng từ ngày 16/11 đến hết ngày 30/11,"{""topLeft"": ""/vllondon-logo.jpeg"", ""topRight"": ""/vllondon-logo.jpeg"", ""bottomLeft"": ""/vllondon-logo.jpeg""}"
product-360,MBerry LED LAMP,ELECTRICAL,0,Áp dụng từ ngày 16/11 đến hết ngày 30/11,"{""topLeft"": ""/vllondon-logo.jpeg"", ""topRight"": ""/vllondon-logo.jpeg"", ""bottomLeft"": ""/vllondon-logo.jpeg""}"
product-371,MBerry M3 Portable Drill Machine,ELECTRICAL,10,Áp dụng từ ngày 16/11 đến hết ngày 30/11,"{""topLeft"": ""/vllondon-logo.jpeg"", ""topRight"": ""/vllondon-logo.jpeg"", ""bottomLeft"": ""/vllondon-logo.jpeg""}"
product-381,Ghế Auto Fill,PEDICURE CHAIR,27,Áp dụng từ ngày 16/11 đến hết ngày 30/11,"{""topLeft"": ""/vllondon-logo.jpeg"", ""topRight"": ""/vllondon-logo.jpeg"", ""bottomLeft"": ""/vllondon-logo.jpeg""}"
product-384,Ghế Luxury VL9615,PEDICURE CHAIR,20,Áp dụng từ ngày 16/11 đến hết ngày 30/11,"{""topLeft"": ""/vllondon-logo.jpeg"", ""topRight"": ""/vllondon-logo.jpeg"", ""bottomLeft"": ""/vllondon-logo.jpeg""}"
product-382,Ghế New Space VL958,PEDICURE CHAIR,20,Áp dụng từ ngày 16/11 đến hết ngày 30/11,"{""topLeft"": ""/vllondon-logo.jpeg"", ""topRight"": ""/vllondon-logo.jpeg"", ""bottomLeft"": ""/vllondon-logo.jpeg""}"
product-383,Ghế New Space VL958 Non Auto,PEDICURE CHAIR,13,Áp dụng từ ngày 16/11 đến hết ngày 30/11,"{""topLeft"": ""/vllondon-logo.jpeg"", ""topRight"": ""/vllondon-logo.jpeg"", ""bottomLeft"": ""/vllondon-logo.jpeg""}"
product-379,Ghế Non Auto Fill - Chậu Cao Su,PEDICURE CHAIR,27,Áp dụng từ ngày 16/11 đến hết ngày 30/11,"{""topLeft"": ""/vllondon-logo.jpeg"", ""topRight"": ""/vllondon-logo.jpeg"", ""bottomLeft"": ""/vllondon-logo.jpeg""}"
product-380,Ghế Non Auto Fill - Chậu Thủy Tinh,PEDICURE CHAIR,27,Áp dụng từ ngày 16/11 đến hết ngày 30/11,"{""topLeft"": ""/vllondon-logo.jpeg"", ""topRight"": ""/vllondon-logo.jpeg"", ""bottomLeft"": ""/vllondon-logo.jpeg""}"
product-388,NAIL TABLE - BlazingStar Double - MÁY HÚT PRO,NAIL TABLE,0,Áp dụng từ ngày 16/11 đến hết ngày 30/11,"{""topLeft"": ""/vllondon-logo.jpeg"", ""topRight"": ""/vllondon-logo.jpeg"", ""bottomLeft"": ""/vllondon-logo.jpeg""}"
product-387,NAIL TABLE - BlazingStar Double - MÁY HÚT THƯỜNG,NAIL TABLE,10,Áp dụng từ ngày 16/11 đến hết ngày 30/11,"{""topLeft"": ""/vllondon-logo.jpeg"", ""topRight"": ""/vllondon-logo.jpeg"", ""bottomLeft"": ""/vllondon-logo.jpeg""}"
product-386,NAIL TABLE - BlazingStar Single - MÁY HÚT PRO,NAIL TABLE,0,Áp dụng từ ngày 16/11 đến hết ngày 30/11,"{""topLeft"": ""/vllondon-logo.jpeg"", ""topRight"": ""/vllondon-logo.jpeg"", ""bottomLeft"": ""/vllondon-logo.jpeg""}"
product-385,NAIL TABLE - BlazingStar Single - MÁY HÚT THƯỜNG,NAIL TABLE,10,Áp dụng từ ngày 16/11 đến hết ngày 30/11,"{""topLeft"": ""/vllondon-logo.jpeg"", ""topRight"": ""/vllondon-logo.jpeg"", ""bottomLeft"": ""/vllondon-logo.jpeg""}"
product-390,NAIL TABLE - BlazingStar Triple - MÁY HÚT PRO,NAIL TABLE,0,Áp dụng từ ngày 16/11 đến hết ngày 30/11,"{""topLeft"": ""/vllondon-logo.jpeg"", ""topRight"": ""/vllondon-logo.jpeg"", ""bottomLeft"": ""/vllondon-logo.jpeg""}"
product-389,NAIL TABLE - BlazingStar Triple - MÁY HÚT THƯỜNG,NAIL TABLE,10,Áp dụng từ ngày 16/11 đến hết ngày 30/11,"{""topLeft"": ""/vllondon-logo.jpeg"", ""topRight"": ""/vllondon-logo.jpeg"", ""bottomLeft"": ""/vllondon-logo.jpeg""}"
product-3,La Palm Callus Remover 32oz - Super Lemon,La Palm,0,Áp dụng từ ngày 16/11 đến hết ngày 30/11,"{""topLeft"": ""/vllondon-logo.jpeg"", ""topRight"": ""/vllondon-logo.jpeg"", ""bottomLeft"": ""/vllondon-logo.jpeg""}"
product-4,La Palm Callus Remover Extreme 32oz - French Rose,La Palm,0,Áp dụng từ ngày 16/11 đến hết ngày 30/11,"{""topLeft"": ""/vllondon-logo.jpeg"", ""topRight"": ""/vllondon-logo.jpeg"", ""bottomLeft"": ""/vllondon-logo.jpeg""}"
product-5,La Palm Callus Remover Gallon - Super Lemon,La Palm,32,Áp dụng từ ngày 16/11 đến hết ngày 30/11,"{""topLeft"": ""/vllondon-logo.jpeg"", ""topRight"": ""/vllondon-logo.jpeg"", ""bottomLeft"": ""/vllondon-logo.jpeg""}"
product-6,La Palm Callus Remover Gallon Extreme  - French Rose,La Palm,32,Áp dụng từ ngày 16/11 đến hết ngày 30/11,"{""topLeft"": ""/vllondon-logo.jpeg"", ""topRight"": ""/vllondon-logo.jpeg"", ""bottomLeft"": ""/vllondon-logo.jpeg""}"
product-107,La Palm Collagen 10 Step - Jasmine,La Palm,30,Áp dụng từ ngày 16/11 đến hết ngày 30/11,"{""topLeft"": ""/vllondon-logo.jpeg"", ""topRight"": ""/vllondon-logo.jpeg"", ""bottomLeft"": ""/vllondon-logo.jpeg""}"
product-106,La Palm Collagen 10 Step (2 scents) - Avocado,La Palm,30,Áp dụng từ ngày 16/11 đến hết ngày 30/11,"{""topLeft"": ""/vllondon-logo.jpeg"", ""topRight"": ""/vllondon-logo.jpeg"", ""bottomLeft"": ""/vllondon-logo.jpeg""}"
product-109,La Palm Collagen 7 Step Bomber - Lavender Lace,La Palm,30,Áp dụng từ ngày 16/11 đến hết ngày 30/11,"{""topLeft"": ""/vllondon-logo.jpeg"", ""topRight"": ""/vllondon-logo.jpeg"", ""bottomLeft"": ""/vllondon-logo.jpeg""}"
product-110,La Palm Collagen 7 Step Bomber - Lemon,La Palm,30,Áp dụng từ ngày 16/11 đến hết ngày 30/11,"{""topLeft"": ""/vllondon-logo.jpeg"", ""topRight"": ""/vllondon-logo.jpeg"", ""bottomLeft"": ""/vllondon-logo.jpeg""}"
product-111,La Palm Collagen 7 Step Bomber - Luxury Pearl,La Palm,30,Áp dụng từ ngày 16/11 đến hết ngày 30/11,"{""topLeft"": ""/vllondon-logo.jpeg"", ""topRight"": ""/vllondon-logo.jpeg"", ""bottomLeft"": ""/vllondon-logo.jpeg""}"
product-112,La Palm Collagen 7 Step Bomber - No.5 Perfume,La Palm,30,Áp dụng từ ngày 16/11 đến hết ngày 30/11,"{""topLeft"": ""/vllondon-logo.jpeg"", ""topRight"": ""/vllondon-logo.jpeg"", ""bottomLeft"": ""/vllondon-logo.jpeg""}"
product-113,La Palm Collagen 7 Step Bomber - Sweet Orange,La Palm,30,Áp dụng từ ngày 16/11 đến hết ngày 30/11,"{""topLeft"": ""/vllondon-logo.jpeg"", ""topRight"": ""/vllondon-logo.jpeg"", ""bottomLeft"": ""/vllondon-logo.jpeg""}"
product-108,La Palm Collagen 7 Step Bomber (6 scents) - Crystal Waters,La Palm,30,Áp dụng từ ngày 16/11 đến hết ngày 30/11,"{""topLeft"": ""/vllondon-logo.jpeg"", ""topRight"": ""/vllondon-logo.jpeg"", ""bottomLeft"": ""/vllondon-logo.jpeg""}"
product-7,La Palm Cooling Gel 12oz - Aloe Vera,La Palm,0,Áp dụng từ ngày 16/11 đến hết ngày 30/11,"{""topLeft"": ""/vllondon-logo.jpeg"", ""topRight"": ""/vllondon-logo.jpeg"", ""bottomLeft"": ""/vllondon-logo.jpeg""}"
product-8,La Palm Cooling Gel Gallon - Aloe Vera,La Palm,32,Áp dụng từ ngày 16/11 đến hết ngày 30/11,"{""topLeft"": ""/vllondon-logo.jpeg"", ""topRight"": ""/vllondon-logo.jpeg"", ""bottomLeft"": ""/vllondon-logo.jpeg""}"
product-9,La Palm Cream Mask 12oz - Aloe Vera,La Palm,0,Áp dụng từ ngày 16/11 đến hết ngày 30/11,"{""topLeft"": ""/vllondon-logo.jpeg"", ""topRight"": ""/vllondon-logo.jpeg"", ""bottomLeft"": ""/vllondon-logo.jpeg""}"
product-10,La Palm Cream Mask 12oz - Lemon,La Palm,0,Áp dụng từ ngày 16/11 đến hết ngày 30/11,"{""topLeft"": ""/vllondon-logo.jpeg"", ""topRight"": ""/vllondon-logo.jpeg"", ""bottomLeft"": ""/vllondon-logo.jpeg""}"
product-11,La Palm Cream Mask 12oz - Orange Tangerine Zest,La Palm,0,Áp dụng từ ngày 16/11 đến hết ngày 30/11,"{""topLeft"": ""/vllondon-logo.jpeg"", ""topRight"": ""/vllondon-logo.jpeg"", ""bottomLeft"": ""/vllondon-logo.jpeg""}"
product-12,La Palm Cream Mask Gallon - Aloe Vera,La Palm,32,Áp dụng từ ngày 16/11 đến hết ngày 30/11,"{""topLeft"": ""/vllondon-logo.jpeg"", ""topRight"": ""/vllondon-logo.jpeg"", ""bottomLeft"": ""/vllondon-logo.jpeg""}"
product-13,La Palm Cream Mask Gallon - Aloe Vera,La Palm,32,Áp dụng từ ngày 16/11 đến hết ngày 30/11,"{""topLeft"": ""/vllondon-logo.jpeg"", ""topRight"": ""/vllondon-logo.jpeg"", ""bottomLeft"": ""/vllondon-logo.jpeg""}"
product-14,La Palm Cream Mask Gallon - Lemon,La Palm,32,Áp dụng từ ngày 16/11 đến hết ngày 30/11,"{""topLeft"": ""/vllondon-logo.jpeg"", ""topRight"": ""/vllondon-logo.jpeg"", ""bottomLeft"": ""/vllondon-logo.jpeg""}"
product-18,La Palm Cuticle Oil Gallon - Peach,La Palm,10,Áp dụng từ ngày 16/11 đến hết ngày 30/11,"{""topLeft"": ""/vllondon-logo.jpeg"", ""topRight"": ""/vllondon-logo.jpeg"", ""bottomLeft"": ""/vllondon-logo.jpeg""}"
product-17,La Palm Cuticle Oil Gallon - Yellow Pineapple,La Palm,10,Áp dụng từ ngày 16/11 đến hết ngày 30/11,"{""topLeft"": ""/vllondon-logo.jpeg"", ""topRight"": ""/vllondon-logo.jpeg"", ""bottomLeft"": ""/vllondon-logo.jpeg""}"
product-19,La Palm Cuticle Oil Gallon CASE,La Palm,20,Áp dụng từ ngày 16/11 đến hết ngày 30/11,"{""topLeft"": ""/vllondon-logo.jpeg"", ""topRight"": ""/vllondon-logo.jpeg"", ""bottomLeft"": ""/vllondon-logo.jpeg""}"
product-21,La Palm Cuticle Softener 8oz - Mandarin Pear,La Palm,0,Áp dụng từ ngày 16/11 đến hết ngày 30/11,"{""topLeft"": ""/vllondon-logo.jpeg"", ""topRight"": ""/vllondon-logo.jpeg"", ""bottomLeft"": ""/vllondon-logo.jpeg""}"
product-20,La Palm Cuticle Softener 8oz - Peach & Aloe Vera,La Palm,0,Áp dụng từ ngày 16/11 đến hết ngày 30/11,"{""topLeft"": ""/vllondon-logo.jpeg"", ""topRight"": ""/vllondon-logo.jpeg"", ""bottomLeft"": ""/vllondon-logo.jpeg""}"
product-23,La Palm Cuticle Softener Gallon - Mandarin Pear,La Palm,10,Áp dụng từ ngày 16/11 đến hết ngày 30/11,"{""topLeft"": ""/vllondon-logo.jpeg"", ""topRight"": ""/vllondon-logo.jpeg"", ""bottomLeft"": ""/vllondon-logo.jpeg""}"
product-22,La Palm Cuticle Softener Gallon - Peach & Aloe Vera,La Palm,10,Áp dụng từ ngày 16/11 đến hết ngày 30/11,"{""topLeft"": ""/vllondon-logo.jpeg"", ""topRight"": ""/vllondon-logo.jpeg"", ""bottomLeft"": ""/vllondon-logo.jpeg""}"
product-24,La Palm Cuticle Softener Gallon CASE,La Palm,10,Áp dụng từ ngày 16/11 đến hết ngày 30/11,"{""topLeft"": ""/vllondon-logo.jpeg"", ""topRight"": ""/vllondon-logo.jpeg"", ""bottomLeft"": ""/vllondon-logo.jpeg""}"
product-115,La Palm Fragrance Oil 2oz - Cucumber Cashmere,La Palm,32,Áp dụng từ ngày 16/11 đến hết ngày 30/11,"{""topLeft"": ""/vllondon-logo.jpeg"", ""topRight"": ""/vllondon-logo.jpeg"", ""bottomLeft"": ""/vllondon-logo.jpeg""}"
product-116,La Palm Fragrance Oil 2oz - Eucalyptus,La Palm,32,Áp dụng từ ngày 16/11 đến hết ngày 30/11,"{""topLeft"": ""/vllondon-logo.jpeg"", ""topRight"": ""/vllondon-logo.jpeg"", ""bottomLeft"": ""/vllondon-logo.jpeg""}"
product-117,La Palm Fragrance Oil 2oz - French Floral,La Palm,32,Áp dụng từ ngày 16/11 đến hết ngày 30/11,"{""topLeft"": ""/vllondon-logo.jpeg"", ""topRight"": ""/vllondon-logo.jpeg"", ""bottomLeft"": ""/vllondon-logo.jpeg""}"
product-118,La Palm Fragrance Oil 2oz - Fresh Linen,La Palm,32,Áp dụng từ ngày 16/11 đến hết ngày 30/11,"{""topLeft"": ""/vllondon-logo.jpeg"", ""topRight"": ""/vllondon-logo.jpeg"", ""bottomLeft"": ""/vllondon-logo.jpeg""}"
product-119,La Palm Fragrance Oil 2oz - Honey Pearl,La Palm,32,Áp dụng từ ngày 16/11 đến hết ngày 30/11,"{""topLeft"": ""/vllondon-logo.jpeg"", ""topRight"": ""/vllondon-logo.jpeg"", ""bottomLeft"": ""/vllondon-logo.jpeg""}"
product-120,La Palm Fragrance Oil 2oz - Lavender Tea,La Palm,32,Áp dụng từ ngày 16/11 đến hết ngày 30/11,"{""topLeft"": ""/vllondon-logo.jpeg"", ""topRight"": ""/vllondon-logo.jpeg"", ""bottomLeft"": ""/vllondon-logo.jpeg""}"
product-121,La Palm Fragrance Oil 2oz - Lemon,La Palm,32,Áp dụng từ ngày 16/11 đến hết ngày 30/11,"{""topLeft"": ""/vllondon-logo.jpeg"", ""topRight"": ""/vllondon-logo.jpeg"", ""bottomLeft"": ""/vllondon-logo.jpeg""}"
product-122,La Palm Fragrance Oil 2oz - Lemongrass & Ginger,La Palm,32,Áp dụng từ ngày 16/11 đến hết ngày 30/11,"{""topLeft"": ""/vllondon-logo.jpeg"", ""topRight"": ""/vllondon-logo.jpeg"", ""bottomLeft"": ""/vllondon-logo.jpeg""}"
product-123,La Palm Fragrance Oil 2oz - Mademoiselle,La Palm,32,Áp dụng từ ngày 16/11 đến hết ngày 30/11,"{""topLeft"": ""/vllondon-logo.jpeg"", ""topRight"": ""/vllondon-logo.jpeg"", ""bottomLeft"": ""/vllondon-logo.jpeg""}"
product-124,La Palm Fragrance Oil 2oz - Mango,La Palm,32,Áp dụng từ ngày 16/11 đến hết ngày 30/11,"{""topLeft"": ""/vllondon-logo.jpeg"", ""topRight"": ""/vllondon-logo.jpeg"", ""bottomLeft"": ""/vllondon-logo.jpeg""}"
product-125,La Palm Fragrance Oil 2oz - Milk & Honey,La Palm,32,Áp dụng từ ngày 16/11 đến hết ngày 30/11,"{""topLeft"": ""/vllondon-logo.jpeg"", ""topRight"": ""/vllondon-logo.jpeg"", ""bottomLeft"": ""/vllondon-logo.jpeg""}"
product-126,La Palm Fragrance Oil 2oz - Orange Tangerine Zest,La Palm,32,Áp dụng từ ngày 16/11 đến hết ngày 30/11,"{""topLeft"": ""/vllondon-logo.jpeg"", ""topRight"": ""/vllondon-logo.jpeg"", ""bottomLeft"": ""/vllondon-logo.jpeg""}"
product-127,La Palm Fragrance Oil 2oz - Perfume No.5,La Palm,32,Áp dụng từ ngày 16/11 đến hết ngày 30/11,"{""topLeft"": ""/vllondon-logo.jpeg"", ""topRight"": ""/vllondon-logo.jpeg"", ""bottomLeft"": ""/vllondon-logo.jpeg""}"
product-128,La Palm Fragrance Oil 2oz - Raspberry Pomegranate,La Palm,32,Áp dụng từ ngày 16/11 đến hết ngày 30/11,"{""topLeft"": ""/vllondon-logo.jpeg"", ""topRight"": ""/vllondon-logo.jpeg"", ""bottomLeft"": ""/vllondon-logo.jpeg""}"
product-129,La Palm Fragrance Oil 2oz - Romance,La Palm,32,Áp dụng từ ngày 16/11 đến hết ngày 30/11,"{""topLeft"": ""/vllondon-logo.jpeg"", ""topRight"": ""/vllondon-logo.jpeg"", ""bottomLeft"": ""/vllondon-logo.jpeg""}"
product-130,La Palm Fragrance Oil 2oz - Rose,La Palm,32,Áp dụng từ ngày 16/11 đến hết ngày 30/11,"{""topLeft"": ""/vllondon-logo.jpeg"", ""topRight"": ""/vllondon-logo.jpeg"", ""bottomLeft"": ""/vllondon-logo.jpeg""}"
product-131,La Palm Fragrance Oil 2oz - Spearmint,La Palm,32,Áp dụng từ ngày 16/11 đến hết ngày 30/11,"{""topLeft"": ""/vllondon-logo.jpeg"", ""topRight"": ""/vllondon-logo.jpeg"", ""bottomLeft"": ""/vllondon-logo.jpeg""}"
product-132,La Palm Fragrance Oil 2oz - Tea Tree,La Palm,32,Áp dụng từ ngày 16/11 đến hết ngày 30/11,"{""topLeft"": ""/vllondon-logo.jpeg"", ""topRight"": ""/vllondon-logo.jpeg"", ""bottomLeft"": ""/vllondon-logo.jpeg""}"
product-133,La Palm Fragrance Oil 2oz - Tropical Citrus,La Palm,32,Áp dụng từ ngày 16/11 đến hết ngày 30/11,"{""topLeft"": ""/vllondon-logo.jpeg"", ""topRight"": ""/vllondon-logo.jpeg"", ""bottomLeft"": ""/vllondon-logo.jpeg""}"
product-114,La Palm Fragrance Oil 2oz ( 20 MÙI ) - Aloe Vera,La Palm,32,Áp dụng từ ngày 16/11 đến hết ngày 30/11,"{""topLeft"": ""/vllondon-logo.jpeg"", ""topRight"": ""/vllondon-logo.jpeg"", ""bottomLeft"": ""/vllondon-logo.jpeg""}"
product-53,La Palm Jojoba Scrub Bucket - Green Tea,La Palm,10,Áp dụng từ ngày 16/11 đến hết ngày 30/11,"{""topLeft"": ""/vllondon-logo.jpeg"", ""topRight"": ""/vllondon-logo.jpeg"", ""bottomLeft"": ""/vllondon-logo.jpeg""}"
product-54,La Palm Jojoba Scrub Bucket - Lemongrass,La Palm,10,Áp dụng từ ngày 16/11 đến hết ngày 30/11,"{""topLeft"": ""/vllondon-logo.jpeg"", ""topRight"": ""/vllondon-logo.jpeg"", ""bottomLeft"": ""/vllondon-logo.jpeg""}"
product-52,La Palm Jojoba Scrub Bucket - Spearmint Eucalyptus,La Palm,10,Áp dụng từ ngày 16/11 đến hết ngày 30/11,"{""topLeft"": ""/vllondon-logo.jpeg"", ""topRight"": ""/vllondon-logo.jpeg"", ""bottomLeft"": ""/vllondon-logo.jpeg""}"
product-51,La Palm Jojoba Scrub Gallon - Green Tea,La Palm,32,Áp dụng từ ngày 16/11 đến hết ngày 30/11,"{""topLeft"": ""/vllondon-logo.jpeg"", ""topRight"": ""/vllondon-logo.jpeg"", ""bottomLeft"": ""/vllondon-logo.jpeg""}"
product-50,La Palm Jojoba Scrub Gallon - Lemongrass,La Palm,32,Áp dụng từ ngày 16/11 đến hết ngày 30/11,"{""topLeft"": ""/vllondon-logo.jpeg"", ""topRight"": ""/vllondon-logo.jpeg"", ""bottomLeft"": ""/vllondon-logo.jpeg""}"
product-49,La Palm Jojoba Scrub Gallon - Spearmint Eucalyptus,La Palm,32,Áp dụng từ ngày 16/11 đến hết ngày 30/11,"{""topLeft"": ""/vllondon-logo.jpeg"", ""topRight"": ""/vllondon-logo.jpeg"", ""bottomLeft"": ""/vllondon-logo.jpeg""}"
product-1,La Palm Liquid 4 Season - Mango,La Palm,0,Áp dụng từ ngày 16/11 đến hết ngày 30/11,"{""topLeft"": ""/vllondon-logo.jpeg"", ""topRight"": ""/vllondon-logo.jpeg"", ""bottomLeft"": ""/vllondon-logo.jpeg""}"
product-2,La Palm Liquid 4 Season - Mango,La Palm,10,Áp dụng từ ngày 16/11 đến hết ngày 30/11,"{""topLeft"": ""/vllondon-logo.jpeg"", ""topRight"": ""/vllondon-logo.jpeg"", ""bottomLeft"": ""/vllondon-logo.jpeg""}"
product-27,La Palm Lotion 24oz - Coconut Cream,La Palm,10,Áp dụng từ ngày 16/11 đến hết ngày 30/11,"{""topLeft"": ""/vllondon-logo.jpeg"", ""topRight"": ""/vllondon-logo.jpeg"", ""bottomLeft"": ""/vllondon-logo.jpeg""}"
product-28,La Palm Lotion 24oz - French Rose,La Palm,10,Áp dụng từ ngày 16/11 đến hết ngày 30/11,"{""topLeft"": ""/vllondon-logo.jpeg"", ""topRight"": ""/vllondon-logo.jpeg"", ""bottomLeft"": ""/vllondon-logo.jpeg""}"
product-29,La Palm Lotion 24oz - Green Tea,La Palm,10,Áp dụng từ ngày 16/11 đến hết ngày 30/11,"{""topLeft"": ""/vllondon-logo.jpeg"", ""topRight"": ""/vllondon-logo.jpeg"", ""bottomLeft"": ""/vllondon-logo.jpeg""}"
product-30,La Palm Lotion 24oz - Lavender Purple,La Palm,10,Áp dụng từ ngày 16/11 đến hết ngày 30/11,"{""topLeft"": ""/vllondon-logo.jpeg"", ""topRight"": ""/vllondon-logo.jpeg"", ""bottomLeft"": ""/vllondon-logo.jpeg""}"
product-31,La Palm Lotion 24oz - Lemon,La Palm,10,Áp dụng từ ngày 16/11 đến hết ngày 30/11,"{""topLeft"": ""/vllondon-logo.jpeg"", ""topRight"": ""/vllondon-logo.jpeg"", ""bottomLeft"": ""/vllondon-logo.jpeg""}"
product-26,La Palm Lotion 24oz - Mango,La Palm,10,Áp dụng từ ngày 16/11 đến hết ngày 30/11,"{""topLeft"": ""/vllondon-logo.jpeg"", ""topRight"": ""/vllondon-logo.jpeg"", ""bottomLeft"": ""/vllondon-logo.jpeg""}"
product-32,La Palm Lotion 24oz - Tropical Citrus,La Palm,10,Áp dụng từ ngày 16/11 đến hết ngày 30/11,"{""topLeft"": ""/vllondon-logo.jpeg"", ""topRight"": ""/vllondon-logo.jpeg"", ""bottomLeft"": ""/vllondon-logo.jpeg""}"
product-25,La Palm Lotion 24oz ( 8 MÙI) - Lychee Lemongrass,La Palm,10,Áp dụng từ ngày 16/11 đến hết ngày 30/11,"{""topLeft"": ""/vllondon-logo.jpeg"", ""topRight"": ""/vllondon-logo.jpeg"", ""bottomLeft"": ""/vllondon-logo.jpeg""}"
product-35,La Palm Lotion Gallon - Coconut Cream,La Palm,32,Áp dụng từ ngày 16/11 đến hết ngày 30/11,"{""topLeft"": ""/vllondon-logo.jpeg"", ""topRight"": ""/vllondon-logo.jpeg"", ""bottomLeft"": ""/vllondon-logo.jpeg""}"
product-36,La Palm Lotion Gallon - French Rose,La Palm,32,Áp dụng từ ngày 16/11 đến hết ngày 30/11,"{""topLeft"": ""/vllondon-logo.jpeg"", ""topRight"": ""/vllondon-logo.jpeg"", ""bottomLeft"": ""/vllondon-logo.jpeg""}"
product-37,La Palm Lotion Gallon - Green Tea,La Palm,32,Áp dụng từ ngày 16/11 đến hết ngày 30/11,"{""topLeft"": ""/vllondon-logo.jpeg"", ""topRight"": ""/vllondon-logo.jpeg"", ""bottomLeft"": ""/vllondon-logo.jpeg""}"
product-38,La Palm Lotion Gallon - Lavender Purple,La Palm,32,Áp dụng từ ngày 16/11 đến hết ngày 30/11,"{""topLeft"": ""/vllondon-logo.jpeg"", ""topRight"": ""/vllondon-logo.jpeg"", ""bottomLeft"": ""/vllondon-logo.jpeg""}"
product-39,La Palm Lotion Gallon - Lemon,La Palm,32,Áp dụng từ ngày 16/11 đến hết ngày 30/11,"{""topLeft"": ""/vllondon-logo.jpeg"", ""topRight"": ""/vllondon-logo.jpeg"", ""bottomLeft"": ""/vllondon-logo.jpeg""}"
product-34,La Palm Lotion Gallon - Mango,La Palm,32,Áp dụng từ ngày 16/11 đến hết ngày 30/11,"{""topLeft"": ""/vllondon-logo.jpeg"", ""topRight"": ""/vllondon-logo.jpeg"", ""bottomLeft"": ""/vllondon-logo.jpeg""}"
product-40,La Palm Lotion Gallon - Tropical Citrus,La Palm,32,Áp dụng từ ngày 16/11 đến hết ngày 30/11,"{""topLeft"": ""/vllondon-logo.jpeg"", ""topRight"": ""/vllondon-logo.jpeg"", ""bottomLeft"": ""/vllondon-logo.jpeg""}"
product-33,La Palm Lotion Gallon (8 MÙI) - Lychee Lemongrass,La Palm,32,Áp dụng từ ngày 16/11 đến hết ngày 30/11,"{""topLeft"": ""/vllondon-logo.jpeg"", ""topRight"": ""/vllondon-logo.jpeg"", ""bottomLeft"": ""/vllondon-logo.jpeg""}"
product-15,La Palm Marine Mask 12oz - Cucumber,La Palm,0,Áp dụng từ ngày 16/11 đến hết ngày 30/11,"{""topLeft"": ""/vllondon-logo.jpeg"", ""topRight"": ""/vllondon-logo.jpeg"", ""bottomLeft"": ""/vllondon-logo.jpeg""}"
product-16,La Palm Marine Mask Gallon - Cucumber,La Palm,32,Áp dụng từ ngày 16/11 đến hết ngày 30/11,"{""topLeft"": ""/vllondon-logo.jpeg"", ""topRight"": ""/vllondon-logo.jpeg"", ""bottomLeft"": ""/vllondon-logo.jpeg""}"
product-42,La Palm Massage Oil Gallon - Green Tea,La Palm,10,Áp dụng từ ngày 16/11 đến hết ngày 30/11,"{""topLeft"": ""/vllondon-logo.jpeg"", ""topRight"": ""/vllondon-logo.jpeg"", ""bottomLeft"": ""/vllondon-logo.jpeg""}"
product-43,La Palm Massage Oil Gallon - Lavender Purple,La Palm,10,Áp dụng từ ngày 16/11 đến hết ngày 30/11,"{""topLeft"": ""/vllondon-logo.jpeg"", ""topRight"": ""/vllondon-logo.jpeg"", ""bottomLeft"": ""/vllondon-logo.jpeg""}"
product-44,La Palm Massage Oil Gallon - Orange Tangerine Zest,La Palm,10,Áp dụng từ ngày 16/11 đến hết ngày 30/11,"{""topLeft"": ""/vllondon-logo.jpeg"", ""topRight"": ""/vllondon-logo.jpeg"", ""bottomLeft"": ""/vllondon-logo.jpeg""}"
product-41,La Palm Massage Oil Gallon (4 MÙI) - Aloe Vera,La Palm,10,Áp dụng từ ngày 16/11 đến hết ngày 30/11,"{""topLeft"": ""/vllondon-logo.jpeg"", ""topRight"": ""/vllondon-logo.jpeg"", ""bottomLeft"": ""/vllondon-logo.jpeg""}"
product-45,La Palm Massage Oil Gallon CASE,La Palm,20,Áp dụng từ ngày 16/11 đến hết ngày 30/11,"{""topLeft"": ""/vllondon-logo.jpeg"", ""topRight"": ""/vllondon-logo.jpeg"", ""bottomLeft"": ""/vllondon-logo.jpeg""}"
product-90,La Palm Pedicure Trays 4 step - Aloe Vera CBD,La Palm,30,Áp dụng từ ngày 16/11 đến hết ngày 30/11,"{""topLeft"": ""/vllondon-logo.jpeg"", ""topRight"": ""/vllondon-logo.jpeg"", ""bottomLeft"": ""/vllondon-logo.jpeg""}"
product-91,La Palm Pedicure Trays 4 step - Lemongrass & Ginger CBD,La Palm,30,Áp dụng từ ngày 16/11 đến hết ngày 30/11,"{""topLeft"": ""/vllondon-logo.jpeg"", ""topRight"": ""/vllondon-logo.jpeg"", ""bottomLeft"": ""/vllondon-logo.jpeg""}"
product-85,La Palm Pedicure Trays 4 step - Matcha Green Tea,La Palm,30,Áp dụng từ ngày 16/11 đến hết ngày 30/11,"{""topLeft"": ""/vllondon-logo.jpeg"", ""topRight"": ""/vllondon-logo.jpeg"", ""bottomLeft"": ""/vllondon-logo.jpeg""}"
product-92,La Palm Pedicure Trays 4 step - Milk & Honey CBD,La Palm,30,Áp dụng từ ngày 16/11 đến hết ngày 30/11,"{""topLeft"": ""/vllondon-logo.jpeg"", ""topRight"": ""/vllondon-logo.jpeg"", ""bottomLeft"": ""/vllondon-logo.jpeg""}"
product-86,La Palm Pedicure Trays 4 step - No.5,La Palm,30,Áp dụng từ ngày 16/11 đến hết ngày 30/11,"{""topLeft"": ""/vllondon-logo.jpeg"", ""topRight"": ""/vllondon-logo.jpeg"", ""bottomLeft"": ""/vllondon-logo.jpeg""}"
product-87,La Palm Pedicure Trays 4 step - Ocean Pearl,La Palm,30,Áp dụng từ ngày 16/11 đến hết ngày 30/11,"{""topLeft"": ""/vllondon-logo.jpeg"", ""topRight"": ""/vllondon-logo.jpeg"", ""bottomLeft"": ""/vllondon-logo.jpeg""}"
product-88,La Palm Pedicure Trays 4 step - Orange Tangerine Zest,La Palm,30,Áp dụng từ ngày 16/11 đến hết ngày 30/11,"{""topLeft"": ""/vllondon-logo.jpeg"", ""topRight"": ""/vllondon-logo.jpeg"", ""bottomLeft"": ""/vllondon-logo.jpeg""}"
product-93,La Palm Pedicure Trays 4 step - Pure Peppermint CBD,La Palm,30,Áp dụng từ ngày 16/11 đến hết ngày 30/11,"{""topLeft"": ""/vllondon-logo.jpeg"", ""topRight"": ""/vllondon-logo.jpeg"", ""bottomLeft"": ""/vllondon-logo.jpeg""}"
product-94,La Palm Pedicure Trays 4 step - Romantic Rose CBD,La Palm,30,Áp dụng từ ngày 16/11 đến hết ngày 30/11,"{""topLeft"": ""/vllondon-logo.jpeg"", ""topRight"": ""/vllondon-logo.jpeg"", ""bottomLeft"": ""/vllondon-logo.jpeg""}"
product-89,La Palm Pedicure Trays 4 step - Sweet Lavender Fields,La Palm,30,Áp dụng từ ngày 16/11 đến hết ngày 30/11,"{""topLeft"": ""/vllondon-logo.jpeg"", ""topRight"": ""/vllondon-logo.jpeg"", ""bottomLeft"": ""/vllondon-logo.jpeg""}"
product-95,La Palm Pedicure Trays 4 step - Tropical Island Mango CBD,La Palm,30,Áp dụng từ ngày 16/11 đến hết ngày 30/11,"{""topLeft"": ""/vllondon-logo.jpeg"", ""topRight"": ""/vllondon-logo.jpeg"", ""bottomLeft"": ""/vllondon-logo.jpeg""}"
product-84,La Palm Pedicure Trays 4 step( 12 MÙI) - Lemon Lime,La Palm,30,Áp dụng từ ngày 16/11 đến hết ngày 30/11,"{""topLeft"": ""/vllondon-logo.jpeg"", ""topRight"": ""/vllondon-logo.jpeg"", ""bottomLeft"": ""/vllondon-logo.jpeg""}"
product-48,La Palm Salts Tablet 10000pcs - Spearmint Eucalyptus,La Palm,10,Áp dụng từ ngày 16/11 đến hết ngày 30/11,"{""topLeft"": ""/vllondon-logo.jpeg"", ""topRight"": ""/vllondon-logo.jpeg"", ""bottomLeft"": ""/vllondon-logo.jpeg""}"
product-46,La Palm Sea Salts Bucket - Spearmint Eucalyptus,La Palm,10,Áp dụng từ ngày 16/11 đến hết ngày 30/11,"{""topLeft"": ""/vllondon-logo.jpeg"", ""topRight"": ""/vllondon-logo.jpeg"", ""bottomLeft"": ""/vllondon-logo.jpeg""}"
product-47,La Palm Sea Salts Gallon - Spearmint Eucalyptus,La Palm,32,Áp dụng từ ngày 16/11 đến hết ngày 30/11,"{""topLeft"": ""/vllondon-logo.jpeg"", ""topRight"": ""/vllondon-logo.jpeg"", ""bottomLeft"": ""/vllondon-logo.jpeg""}"
product-56,La Palm Sugar Scrub 12oz - Lemon,La Palm,0,Áp dụng từ ngày 16/11 đến hết ngày 30/11,"{""topLeft"": ""/vllondon-logo.jpeg"", ""topRight"": ""/vllondon-logo.jpeg"", ""bottomLeft"": ""/vllondon-logo.jpeg""}"
product-55,La Palm Sugar Scrub 12oz - Tropical Citrus,La Palm,0,Áp dụng từ ngày 16/11 đến hết ngày 30/11,"{""topLeft"": ""/vllondon-logo.jpeg"", ""topRight"": ""/vllondon-logo.jpeg"", ""bottomLeft"": ""/vllondon-logo.jpeg""}"
product-60,La Palm Sugar Scrub Bucket - Lemon,La Palm,10,Áp dụng từ ngày 16/11 đến hết ngày 30/11,"{""topLeft"": ""/vllondon-logo.jpeg"", ""topRight"": ""/vllondon-logo.jpeg"", ""bottomLeft"": ""/vllondon-logo.jpeg""}"
product-59,La Palm Sugar Scrub Bucket - Tropical Citrus,La Palm,10,Áp dụng từ ngày 16/11 đến hết ngày 30/11,"{""topLeft"": ""/vllondon-logo.jpeg"", ""topRight"": ""/vllondon-logo.jpeg"", ""bottomLeft"": ""/vllondon-logo.jpeg""}"
product-62,La Palm Sugar Scrub Extreme 12oz - Lavender Purple,La Palm,0,Áp dụng từ ngày 16/11 đến hết ngày 30/11,"{""topLeft"": ""/vllondon-logo.jpeg"", ""topRight"": ""/vllondon-logo.jpeg"", ""bottomLeft"": ""/vllondon-logo.jpeg""}"
product-61,La Palm Sugar Scrub Extreme 12oz - Orange Tangerine Zest,La Palm,0,Áp dụng từ ngày 16/11 đến hết ngày 30/11,"{""topLeft"": ""/vllondon-logo.jpeg"", ""topRight"": ""/vllondon-logo.jpeg"", ""bottomLeft"": ""/vllondon-logo.jpeg""}"
product-66,La Palm Sugar Scrub Extreme Bucket - Lavender Purple,La Palm,10,Áp dụng từ ngày 16/11 đến hết ngày 30/11,"{""topLeft"": ""/vllondon-logo.jpeg"", ""topRight"": ""/vllondon-logo.jpeg"", ""bottomLeft"": ""/vllondon-logo.jpeg""}"
product-65,La Palm Sugar Scrub Extreme Bucket - Orange Tangerine Zest,La Palm,10,Áp dụng từ ngày 16/11 đến hết ngày 30/11,"{""topLeft"": ""/vllondon-logo.jpeg"", ""topRight"": ""/vllondon-logo.jpeg"", ""bottomLeft"": ""/vllondon-logo.jpeg""}"
product-64,La Palm Sugar Scrub Extreme Gallon - Lavender Purple,La Palm,32,Áp dụng từ ngày 16/11 đến hết ngày 30/11,"{""topLeft"": ""/vllondon-logo.jpeg"", ""topRight"": ""/vllondon-logo.jpeg"", ""bottomLeft"": ""/vllondon-logo.jpeg""}"
product-63,La Palm Sugar Scrub Extreme Gallon - Orange Tangerine Zest,La Palm,32,Áp dụng từ ngày 16/11 đến hết ngày 30/11,"{""topLeft"": ""/vllondon-logo.jpeg"", ""topRight"": ""/vllondon-logo.jpeg"", ""bottomLeft"": ""/vllondon-logo.jpeg""}"
product-58,La Palm Sugar Scrub Gallon - Lemon,La Palm,32,Áp dụng từ ngày 16/11 đến hết ngày 30/11,"{""topLeft"": ""/vllondon-logo.jpeg"", ""topRight"": ""/vllondon-logo.jpeg"", ""bottomLeft"": ""/vllondon-logo.jpeg""}"
product-57,La Palm Sugar Scrub Gallon - Tropical Citrus,La Palm,32,Áp dụng từ ngày 16/11 đến hết ngày 30/11,"{""topLeft"": ""/vllondon-logo.jpeg"", ""topRight"": ""/vllondon-logo.jpeg"", ""bottomLeft"": ""/vllondon-logo.jpeg""}"
product-104,La Palm Volcano 6 Step - Acacia,La Palm,30,Áp dụng từ ngày 16/11 đến hết ngày 30/11,"{""topLeft"": ""/vllondon-logo.jpeg"", ""topRight"": ""/vllondon-logo.jpeg"", ""bottomLeft"": ""/vllondon-logo.jpeg""}"
product-100,La Palm Volcano 6 Step - Green Tea & Aloe,La Palm,30,Áp dụng từ ngày 16/11 đến hết ngày 30/11,"{""topLeft"": ""/vllondon-logo.jpeg"", ""topRight"": ""/vllondon-logo.jpeg"", ""bottomLeft"": ""/vllondon-logo.jpeg""}"
product-105,La Palm Volcano 6 Step - Honeysuckle,La Palm,30,Áp dụng từ ngày 16/11 đến hết ngày 30/11,"{""topLeft"": ""/vllondon-logo.jpeg"", ""topRight"": ""/vllondon-logo.jpeg"", ""bottomLeft"": ""/vllondon-logo.jpeg""}"
product-103,La Palm Volcano 6 Step - Jasmine,La Palm,30,Áp dụng từ ngày 16/11 đến hết ngày 30/11,"{""topLeft"": ""/vllondon-logo.jpeg"", ""topRight"": ""/vllondon-logo.jpeg"", ""bottomLeft"": ""/vllondon-logo.jpeg""}"
product-101,La Palm Volcano 6 Step - Lavender Eruption,La Palm,30,Áp dụng từ ngày 16/11 đến hết ngày 30/11,"{""topLeft"": ""/vllondon-logo.jpeg"", ""topRight"": ""/vllondon-logo.jpeg"", ""bottomLeft"": ""/vllondon-logo.jpeg""}"
product-102,La Palm Volcano 6 Step - Lemongrass Ginger,La Palm,30,Áp dụng từ ngày 16/11 đến hết ngày 30/11,"{""topLeft"": ""/vllondon-logo.jpeg"", ""topRight"": ""/vllondon-logo.jpeg"", ""bottomLeft"": ""/vllondon-logo.jpeg""}"
product-97,La Palm Volcano 6 Step - Orange No.5,La Palm,30,Áp dụng từ ngày 16/11 đến hết ngày 30/11,"{""topLeft"": ""/vllondon-logo.jpeg"", ""topRight"": ""/vllondon-logo.jpeg"", ""bottomLeft"": ""/vllondon-logo.jpeg""}"
product-98,La Palm Volcano 6 Step - Romance,La Palm,30,Áp dụng từ ngày 16/11 đến hết ngày 30/11,"{""topLeft"": ""/vllondon-logo.jpeg"", ""topRight"": ""/vllondon-logo.jpeg"", ""bottomLeft"": ""/vllondon-logo.jpeg""}"
product-99,La Palm Volcano 6 Step - Tropical Citrus,La Palm,30,Áp dụng từ ngày 16/11 đến hết ngày 30/11,"{""topLeft"": ""/vllondon-logo.jpeg"", ""topRight"": ""/vllondon-logo.jpeg"", ""bottomLeft"": ""/vllondon-logo.jpeg""}"
product-96,La Palm Volcano 6 Step (10 scents ) - Honey Pearl,La Palm,30,Áp dụng từ ngày 16/11 đến hết ngày 30/11,"{""topLeft"": ""/vllondon-logo.jpeg"", ""topRight"": ""/vllondon-logo.jpeg"", ""bottomLeft"": ""/vllondon-logo.jpeg""}"
product-137,KDS Callus Remover 32oz,KDS,0,Áp dụng từ ngày 16/11 đến hết ngày 30/11,"{""topLeft"": ""/vllondon-logo.jpeg"", ""topRight"": ""/vllondon-logo.jpeg"", ""bottomLeft"": ""/vllondon-logo.jpeg""}"
product-136,KDS Callus Remover CASE,KDS,25,Áp dụng từ ngày 16/11 đến hết ngày 30/11,"{""topLeft"": ""/vllondon-logo.jpeg"", ""topRight"": ""/vllondon-logo.jpeg"", ""bottomLeft"": ""/vllondon-logo.jpeg""}"
product-134,KDS Callus Remover GAL,KDS,10,Áp dụng từ ngày 16/11 đến hết ngày 30/11,"{""topLeft"": ""/vllondon-logo.jpeg"", ""topRight"": ""/vllondon-logo.jpeg"", ""bottomLeft"": ""/vllondon-logo.jpeg""}"
product-135,KDS Callus Remover GAL,KDS,32,Áp dụng từ ngày 16/11 đến hết ngày 30/11,"{""topLeft"": ""/vllondon-logo.jpeg"", ""topRight"": ""/vllondon-logo.jpeg"", ""bottomLeft"": ""/vllondon-logo.jpeg""}"
product-139,KDS Clay Mask Cucumber CASE,KDS,0,Áp dụng từ ngày 16/11 đến hết ngày 30/11,"{""topLeft"": ""/vllondon-logo.jpeg"", ""topRight"": ""/vllondon-logo.jpeg"", ""bottomLeft"": ""/vllondon-logo.jpeg""}"
product-138,KDS Clay Mask Cucumber GAL,KDS,10,Áp dụng từ ngày 16/11 đến hết ngày 30/11,"{""topLeft"": ""/vllondon-logo.jpeg"", ""topRight"": ""/vllondon-logo.jpeg"", ""bottomLeft"": ""/vllondon-logo.jpeg""}"
product-150,KDS Deluxe 4 steps - Blush Honey Blossom,KDS,10,Áp dụng từ ngày 16/11 đến hết ngày 30/11,"{""topLeft"": ""/vllondon-logo.jpeg"", ""topRight"": ""/vllondon-logo.jpeg"", ""bottomLeft"": ""/vllondon-logo.jpeg""}"
product-140,KDS Deluxe 4 steps - Butter Mango,KDS,10,Áp dụng từ ngày 16/11 đến hết ngày 30/11,"{""topLeft"": ""/vllondon-logo.jpeg"", ""topRight"": ""/vllondon-logo.jpeg"", ""bottomLeft"": ""/vllondon-logo.jpeg""}"
product-141,KDS Deluxe 4 steps - Butter Mango,KDS,20,Áp dụng từ ngày 16/11 đến hết ngày 30/11,"{""topLeft"": ""/vllondon-logo.jpeg"", ""topRight"": ""/vllondon-logo.jpeg"", ""bottomLeft"": ""/vllondon-logo.jpeg""}"
product-142,KDS Deluxe 4 steps - Butter Mango,KDS,30,Áp dụng từ ngày 16/11 đến hết ngày 30/11,"{""topLeft"": ""/vllondon-logo.jpeg"", ""topRight"": ""/vllondon-logo.jpeg"", ""bottomLeft"": ""/vllondon-logo.jpeg""}"
product-149,KDS Deluxe 4 steps - Elegant Pearl,KDS,10,Áp dụng từ ngày 16/11 đến hết ngày 30/11,"{""topLeft"": ""/vllondon-logo.jpeg"", ""topRight"": ""/vllondon-logo.jpeg"", ""bottomLeft"": ""/vllondon-logo.jpeg""}"
product-147,KDS Deluxe 4 steps - Exotic Tropical,KDS,10,Áp dụng từ ngày 16/11 đến hết ngày 30/11,"{""topLeft"": ""/vllondon-logo.jpeg"", ""topRight"": ""/vllondon-logo.jpeg"", ""bottomLeft"": ""/vllondon-logo.jpeg""}"
product-152,KDS Deluxe 4 steps - Fresh Cucumber,KDS,10,Áp dụng từ ngày 16/11 đến hết ngày 30/11,"{""topLeft"": ""/vllondon-logo.jpeg"", ""topRight"": ""/vllondon-logo.jpeg"", ""bottomLeft"": ""/vllondon-logo.jpeg""}"
product-153,KDS Deluxe 4 steps - Green Tea,KDS,10,Áp dụng từ ngày 16/11 đến hết ngày 30/11,"{""topLeft"": ""/vllondon-logo.jpeg"", ""topRight"": ""/vllondon-logo.jpeg"", ""bottomLeft"": ""/vllondon-logo.jpeg""}"
product-144,KDS Deluxe 4 steps - Juicy Orange,KDS,10,Áp dụng từ ngày 16/11 đến hết ngày 30/11,"{""topLeft"": ""/vllondon-logo.jpeg"", ""topRight"": ""/vllondon-logo.jpeg"", ""bottomLeft"": ""/vllondon-logo.jpeg""}"
product-154,KDS Deluxe 4 steps - Milk,KDS,10,Áp dụng từ ngày 16/11 đến hết ngày 30/11,"{""topLeft"": ""/vllondon-logo.jpeg"", ""topRight"": ""/vllondon-logo.jpeg"", ""bottomLeft"": ""/vllondon-logo.jpeg""}"
product-148,KDS Deluxe 4 steps - Royal Rose,KDS,10,Áp dụng từ ngày 16/11 đến hết ngày 30/11,"{""topLeft"": ""/vllondon-logo.jpeg"", ""topRight"": ""/vllondon-logo.jpeg"", ""bottomLeft"": ""/vllondon-logo.jpeg""}"
product-146,KDS Deluxe 4 steps - Soft Lavender,KDS,10,Áp dụng từ ngày 16/11 đến hết ngày 30/11,"{""topLeft"": ""/vllondon-logo.jpeg"", ""topRight"": ""/vllondon-logo.jpeg"", ""bottomLeft"": ""/vllondon-logo.jpeg""}"
product-151,KDS Deluxe 4 steps - Tingly Lemon,KDS,10,Áp dụng từ ngày 16/11 đến hết ngày 30/11,"{""topLeft"": ""/vllondon-logo.jpeg"", ""topRight"": ""/vllondon-logo.jpeg"", ""bottomLeft"": ""/vllondon-logo.jpeg""}"
product-145,KDS Deluxe 4 steps - White Jasmine,KDS,10,Áp dụng từ ngày 16/11 đến hết ngày 30/11,"{""topLeft"": ""/vllondon-logo.jpeg"", ""topRight"": ""/vllondon-logo.jpeg"", ""bottomLeft"": ""/vllondon-logo.jpeg""}"
product-143,KDS Deluxe 4 steps CASE - Butter Mango,KDS,30,Áp dụng từ ngày 16/11 đến hết ngày 30/11,"{""topLeft"": ""/vllondon-logo.jpeg"", ""topRight"": ""/vllondon-logo.jpeg"", ""bottomLeft"": ""/vllondon-logo.jpeg""}"
product-156,KDS Liquid Coffee PURPLE CASE,KDS,10,Áp dụng từ ngày 16/11 đến hết ngày 30/11,"{""topLeft"": ""/vllondon-logo.jpeg"", ""topRight"": ""/vllondon-logo.jpeg"", ""bottomLeft"": ""/vllondon-logo.jpeg""}"
product-157,KDS Liquid Coffee PURPLE CASE,KDS,15,Áp dụng từ ngày 16/11 đến hết ngày 30/11,"{""topLeft"": ""/vllondon-logo.jpeg"", ""topRight"": ""/vllondon-logo.jpeg"", ""bottomLeft"": ""/vllondon-logo.jpeg""}"
product-155,KDS Liquid Coffee PURPLE GAL,KDS,0,Áp dụng từ ngày 16/11 đến hết ngày 30/11,"{""topLeft"": ""/vllondon-logo.jpeg"", ""topRight"": ""/vllondon-logo.jpeg"", ""bottomLeft"": ""/vllondon-logo.jpeg""}"
product-158,KDS Pedi Salt Mint (Bucket),KDS,10,Áp dụng từ ngày 16/11 đến hết ngày 30/11,"{""topLeft"": ""/vllondon-logo.jpeg"", ""topRight"": ""/vllondon-logo.jpeg"", ""bottomLeft"": ""/vllondon-logo.jpeg""}"
product-159,KDS Pedi Salt Mint GAL,KDS,10,Áp dụng từ ngày 16/11 đến hết ngày 30/11,"{""topLeft"": ""/vllondon-logo.jpeg"", ""topRight"": ""/vllondon-logo.jpeg"", ""bottomLeft"": ""/vllondon-logo.jpeg""}"
product-160,KDS Pedi Salt Mint GAL,KDS,32,Áp dụng từ ngày 16/11 đến hết ngày 30/11,"{""topLeft"": ""/vllondon-logo.jpeg"", ""topRight"": ""/vllondon-logo.jpeg"", ""bottomLeft"": ""/vllondon-logo.jpeg""}"
product-161,KDS Scrub Lemongrass (Bucket),KDS,10,Áp dụng từ ngày 16/11 đến hết ngày 30/11,"{""topLeft"": ""/vllondon-logo.jpeg"", ""topRight"": ""/vllondon-logo.jpeg"", ""bottomLeft"": ""/vllondon-logo.jpeg""}"
product-162,KDS Scrub Lemongrass (Gal),KDS,10,Áp dụng từ ngày 16/11 đến hết ngày 30/11,"{""topLeft"": ""/vllondon-logo.jpeg"", ""topRight"": ""/vllondon-logo.jpeg"", ""bottomLeft"": ""/vllondon-logo.jpeg""}"
product-163,KDS Scrub Lemongrass (Gal),KDS,32,Áp dụng từ ngày 16/11 đến hết ngày 30/11,"{""topLeft"": ""/vllondon-logo.jpeg"", ""topRight"": ""/vllondon-logo.jpeg"", ""bottomLeft"": ""/vllondon-logo.jpeg""}"
product-164,KDS Scrub Mint (Bucket),KDS,10,Áp dụng từ ngày 16/11 đến hết ngày 30/11,"{""topLeft"": ""/vllondon-logo.jpeg"", ""topRight"": ""/vllondon-logo.jpeg"", ""bottomLeft"": ""/vllondon-logo.jpeg""}"
product-165,KDS Scrub Mint GAL,KDS,10,Áp dụng từ ngày 16/11 đến hết ngày 30/11,"{""topLeft"": ""/vllondon-logo.jpeg"", ""topRight"": ""/vllondon-logo.jpeg"", ""bottomLeft"": ""/vllondon-logo.jpeg""}"
product-166,KDS Scrub Mint GAL,KDS,32,Áp dụng từ ngày 16/11 đến hết ngày 30/11,"{""topLeft"": ""/vllondon-logo.jpeg"", ""topRight"": ""/vllondon-logo.jpeg"", ""bottomLeft"": ""/vllondon-logo.jpeg""}"
product-172,KDS Scrub Sugar 18oz - Honey Blossom,KDS,28,Áp dụng từ ngày 16/11 đến hết ngày 30/11,"{""topLeft"": ""/vllondon-logo.jpeg"", ""topRight"": ""/vllondon-logo.jpeg"", ""bottomLeft"": ""/vllondon-logo.jpeg""}"
product-169,KDS Scrub Sugar 18oz - Lavender,KDS,28,Áp dụng từ ngày 16/11 đến hết ngày 30/11,"{""topLeft"": ""/vllondon-logo.jpeg"", ""topRight"": ""/vllondon-logo.jpeg"", ""bottomLeft"": ""/vllondon-logo.jpeg""}"
product-171,KDS Scrub Sugar 18oz - Lemon,KDS,28,Áp dụng từ ngày 16/11 đến hết ngày 30/11,"{""topLeft"": ""/vllondon-logo.jpeg"", ""topRight"": ""/vllondon-logo.jpeg"", ""bottomLeft"": ""/vllondon-logo.jpeg""}"
product-170,KDS Scrub Sugar 18oz - Milk,KDS,28,Áp dụng từ ngày 16/11 đến hết ngày 30/11,"{""topLeft"": ""/vllondon-logo.jpeg"", ""topRight"": ""/vllondon-logo.jpeg"", ""bottomLeft"": ""/vllondon-logo.jpeg""}"
product-167,KDS Scrub Sugar 18oz - Orange,KDS,10,Áp dụng từ ngày 16/11 đến hết ngày 30/11,"{""topLeft"": ""/vllondon-logo.jpeg"", ""topRight"": ""/vllondon-logo.jpeg"", ""bottomLeft"": ""/vllondon-logo.jpeg""}"
product-168,KDS Scrub Sugar 18oz - Orange,KDS,28,Áp dụng từ ngày 16/11 đến hết ngày 30/11,"{""topLeft"": ""/vllondon-logo.jpeg"", ""topRight"": ""/vllondon-logo.jpeg"", ""bottomLeft"": ""/vllondon-logo.jpeg""}"
product-180,KDS Sugar Scrub Honey Blossom (Bucket),KDS,10,Áp dụng từ ngày 16/11 đến hết ngày 30/11,"{""topLeft"": ""/vllondon-logo.jpeg"", ""topRight"": ""/vllondon-logo.jpeg"", ""bottomLeft"": ""/vllondon-logo.jpeg""}"
product-177,KDS Sugar Scrub Honey Blossom GAL,KDS,10,Áp dụng từ ngày 16/11 đến hết ngày 30/11,"{""topLeft"": ""/vllondon-logo.jpeg"", ""topRight"": ""/vllondon-logo.jpeg"", ""bottomLeft"": ""/vllondon-logo.jpeg""}"
product-179,KDS Sugar Scrub Milk Sugar (Bucket),KDS,10,Áp dụng từ ngày 16/11 đến hết ngày 30/11,"{""topLeft"": ""/vllondon-logo.jpeg"", ""topRight"": ""/vllondon-logo.jpeg"", ""bottomLeft"": ""/vllondon-logo.jpeg""}"
product-176,KDS Sugar Scrub Milk Sugar GAL,KDS,10,Áp dụng từ ngày 16/11 đến hết ngày 30/11,"{""topLeft"": ""/vllondon-logo.jpeg"", ""topRight"": ""/vllondon-logo.jpeg"", ""bottomLeft"": ""/vllondon-logo.jpeg""}"
product-178,KDS Sugar Scrub Orange (Bucket),KDS,10,Áp dụng từ ngày 16/11 đến hết ngày 30/11,"{""topLeft"": ""/vllondon-logo.jpeg"", ""topRight"": ""/vllondon-logo.jpeg"", ""bottomLeft"": ""/vllondon-logo.jpeg""}"
product-175,KDS Sugar Scrub Orange CASE,KDS,32,Áp dụng từ ngày 16/11 đến hết ngày 30/11,"{""topLeft"": ""/vllondon-logo.jpeg"", ""topRight"": ""/vllondon-logo.jpeg"", ""bottomLeft"": ""/vllondon-logo.jpeg""}"
product-173,KDS Sugar Scrub Orange GAL,KDS,10,Áp dụng từ ngày 16/11 đến hết ngày 30/11,"{""topLeft"": ""/vllondon-logo.jpeg"", ""topRight"": ""/vllondon-logo.jpeg"", ""bottomLeft"": ""/vllondon-logo.jpeg""}"
product-174,KDS Sugar Scrub Orange GAL,KDS,32,Áp dụng từ ngày 16/11 đến hết ngày 30/11,"{""topLeft"": ""/vllondon-logo.jpeg"", ""topRight"": ""/vllondon-logo.jpeg"", ""bottomLeft"": ""/vllondon-logo.jpeg""}"
